{
    "accuracy": 97.1732,
    "precision-scores": [
        0.96797,
        0.97542
    ],
    "recall-scores": [
        0.97473,
        0.96884
    ],
    "f1-scores": [
        0.97134,
        0.97212
    ]
}