{
    "accuracy": 62.71186,
    "precision-scores": [
        0.493,
        0.3629,
        0.9312
    ],
    "recall-scores": [
        0.82695,
        0.11734,
        0.89917
    ],
    "f1-scores": [
        0.61773,
        0.17734,
        0.9149
    ]
}