{
    "accuracy": 61.34766,
    "precision-scores": [
        0.46379,
        0.46154,
        0.92055
    ],
    "recall-scores": [
        0.92757,
        0.02892,
        0.91022
    ],
    "f1-scores": [
        0.61838,
        0.05443,
        0.91536
    ]
}