{
    "accuracy": 47.14817,
    "precision-scores": [
        0,
        0.33898,
        0.0,
        0.7763
    ],
    "recall-scores": [
        0.0,
        0.92242,
        0.0,
        0.92233
    ],
    "f1-scores": [
        "n/a",
        0.49577,
        "n/a",
        0.84304
    ]
}