{
    "accuracy": 60.43121,
    "precision-scores": [
        0.53763,
        0.59272,
        0.86059,
        0.48857,
        0.63058
    ],
    "recall-scores": [
        0.0523,
        0.86077,
        0.50865,
        0.69796,
        0.89142
    ],
    "f1-scores": [
        0.09533,
        0.70203,
        0.63939,
        0.57479,
        0.73865
    ]
}