{
    "accuracy": 95.26061,
    "precision-scores": [
        0.9708,
        0.9362
    ],
    "recall-scores": [
        0.93207,
        0.97264
    ],
    "f1-scores": [
        0.95104,
        0.95407
    ]
}