{
    "accuracy": 45.0093,
    "precision-scores": [
        0.0,
        0.32341,
        0.0,
        0.7055
    ],
    "recall-scores": [
        0.0,
        0.8831,
        0.0,
        0.91536
    ],
    "f1-scores": [
        "n/a",
        0.47344,
        "n/a",
        0.79684
    ]
}