{
    "accuracy": 43.55187,
    "precision-scores": [
        0.24518,
        0.2981,
        0.28834,
        0.4319,
        0.96106
    ],
    "recall-scores": [
        0.10238,
        0.49799,
        0.45163,
        0.1613,
        0.94374
    ],
    "f1-scores": [
        0.14444,
        0.37295,
        0.35197,
        0.23488,
        0.95232
    ]
}