{
    "accuracy": 35.84765,
    "precision-scores": [
        0.29066,
        0.3038,
        0.3032,
        0.46552,
        0.36652,
        0.54212
    ],
    "recall-scores": [
        0.13462,
        0.47525,
        0.46111,
        0.58605,
        0.23547,
        0.23381
    ],
    "f1-scores": [
        0.18401,
        0.37066,
        0.36584,
        0.51888,
        0.28673,
        0.32671
    ]
}