{
    "accuracy": 71.05702,
    "precision-scores": [
        0.64842,
        0.85822
    ],
    "recall-scores": [
        0.91571,
        0.50679
    ],
    "f1-scores": [
        0.75923,
        0.63727
    ]
}