{
    "accuracy": 23.49695,
    "precision-scores": [
        0.15957,
        0,
        0.91135,
        0.23138,
        0.0,
        0,
        0,
        0,
        0.13559,
        0.14255,
        0
    ],
    "recall-scores": [
        0.05474,
        0.0,
        0.86532,
        0.8,
        0.0,
        0.0,
        0.0,
        0.0,
        0.02492,
        0.85761,
        0.0
    ],
    "f1-scores": [
        0.08152,
        0,
        0.88774,
        0.35894,
        0,
        0,
        0,
        0,
        0.0421,
        0.24447,
        0
    ]
}