{
    "accuracy": 35.31073,
    "precision-scores": 35.31073,
    "recall-scores": 35.31073,
    "f1-scores": 35.31073
}