{
    "accuracy": 48.61396,
    "precision-scores": [
        1.0,
        0.48535
    ],
    "recall-scores": [
        0.00299,
        1.0
    ],
    "f1-scores": [
        0.00596,
        0.65352
    ]
}