{
    "accuracy": 96.75785,
    "precision-scores": [
        0.96862,
        0.96651
    ],
    "recall-scores": [
        0.96733,
        0.96784
    ],
    "f1-scores": [
        0.96797,
        0.96717
    ]
}