{
    "accuracy": 58.69794,
    "precision-scores": [
        0,
        0.8762,
        0.43454,
        0.59189,
        0.58654
    ],
    "recall-scores": [
        0.0,
        0.92513,
        0.9123,
        0.69468,
        0.38269
    ],
    "f1-scores": [
        0,
        0.9,
        0.58868,
        0.63918,
        0.46318
    ]
}