{
    "accuracy": 73.19305,
    "precision-scores": [
        0.59549,
        0.96062,
        0.62072
    ],
    "recall-scores": [
        0.65316,
        0.98348,
        0.54241
    ],
    "f1-scores": [
        0.62299,
        0.97192,
        0.57893
    ]
}