{
    "accuracy": 16.02343,
    "precision-scores": [
        0,
        0.12718,
        0.14351,
        0,
        0.80723,
        0,
        0
    ],
    "recall-scores": [
        0.0,
        0.12319,
        0.80698,
        0.0,
        0.15618,
        0.0,
        0.0
    ],
    "f1-scores": [
        0,
        0.12515,
        0.24368,
        0,
        0.26172,
        0,
        0
    ]
}