{
    "accuracy": 44.91631,
    "precision-scores": [
        0.31844,
        0.34615,
        0,
        0.78883
    ],
    "recall-scores": [
        0.90172,
        0.01128,
        0.0,
        0.86732
    ],
    "f1-scores": [
        0.47067,
        0.02185,
        "n/a",
        0.82622
    ]
}