{
    "accuracy": 33.69161,
    "precision-scores": [
        0.71429,
        0.18182,
        0.33542
    ],
    "recall-scores": [
        0.01253,
        0.00244,
        1.0
    ],
    "f1-scores": [
        0.02463,
        0.00482,
        0.50234
    ]
}