{
    "accuracy": 45.47427,
    "precision-scores": 45.47427,
    "recall-scores": 45.47427,
    "f1-scores": 45.47427
}