{
    "accuracy": 34.25469,
    "precision-scores": [
        0,
        0.34308,
        0.22222
    ],
    "recall-scores": [
        0.0,
        0.99425,
        0.00304
    ],
    "f1-scores": [
        0,
        0.51013,
        0.006
    ]
}