{
    "accuracy": 36.92956,
    "precision-scores": [
        0.4,
        0,
        0.9575,
        0.25641,
        0.23369
    ],
    "recall-scores": [
        0.00249,
        0.0,
        0.8825,
        0.01229,
        0.96799
    ],
    "f1-scores": [
        0.00495,
        0,
        0.91847,
        0.02346,
        0.37649
    ]
}