{
    "accuracy": 26.05042,
    "precision-scores": [
        0.25733,
        0,
        0,
        0.5
    ],
    "recall-scores": [
        0.9927,
        0.0,
        0.0,
        0.02574
    ],
    "f1-scores": [
        0.40871,
        0,
        0,
        0.04896
    ]
}