{
    "accuracy": 85.21561,
    "precision-scores": [
        0.90123,
        0.81722
    ],
    "recall-scores": [
        0.77825,
        0.92079
    ],
    "f1-scores": [
        0.83524,
        0.86592
    ]
}