{
    "accuracy": 49.57658,
    "precision-scores": [
        0.58706,
        0.4911
    ],
    "recall-scores": [
        0.05569,
        0.95879
    ],
    "f1-scores": [
        0.10173,
        0.64951
    ]
}